{
    "data": [{
        "name": "Manuel Neuer",
        "club": "fc bayern münchen",
        "position": "goalkeeper",
        "birthday": "27.03.1986 (36 years)",
        "nationality": "german",
        "height": "193 cm",
        "weight": "93 kg",
        "appearances": 28,
        "sprints": 32,
        "intensive runs": 166,
        "distance (km)": 148.8,
        "speed (km/h)": 28.07,
        "passes completed": 0,
        "own-goals": 0,
        "fouls": 0,
        "yellow cards": 0,
        "shots saved": 68
    }, {
        "name": "Sven Ulreich",
        "club": "fc bayern münchen",
        "position": "goalkeeper",
        "birthday": "03.08.1988 (33 years)",
        "nationality": "german",
        "height": "192 cm",
        "weight": "87 kg",
        "appearances": 6,
        "sprints": 6,
        "intensive runs": 35,
        "distance (km)": 34.2,
        "speed (km/h)": 26.48,
        "passes completed": 0,
        "own-goals": 0,
        "fouls": 0,
        "yellow cards": 0,
        "shots saved": 13
    }, {
        "name": "Christian Früchtl",
        "club": "fc bayern münchen",
        "position": "goalkeeper",
        "birthday": "28.01.2000 (22 years)",
        "nationality": "german",
        "height": "193 cm",
        "weight": "84 kg",
        "appearances": 1,
        "sprints": 0,
        "intensive runs": 1,
        "distance (km)": 0.8,
        "speed (km/h)": 22.17,
        "passes completed": 0,
        "own-goals": 0,
        "fouls": 0,
        "yellow cards": 0,
        "shots saved": 0
    }, {
        "name": "Dayot Upamecano",
        "club": "fc bayern münchen",
        "position": "defender",
        "birthday": "27.10.1998 (23 years)",
        "nationality": "french  , guinea-bissauan",
        "height": "186 cm",
        "weight": "90 kg",
        "goals": 1,
        "assists": 6,
        "shots": 10,
        "shots against post and bar": 0,
        "penalties": 0,
        "penalties scored": 0,
        "goal attempts": "2/8",
        "tackles won": 292,
        "ariel duels won": 76,
        "fouls": 26,
        "yellow cards": 4,
        "appearances": 28,
        "sprints": 517,
        "intensive runs": 1514,
        "distance (km)": 272.4,
        "speed (km/h)": 35.67,
        "passes completed": 91.9,
        "own-goals": 0,
        "crosses": 1
    }, {
        "name": "Omar Richards",
        "club": "fc bayern münchen",
        "position": "defender",
        "birthday": "15.02.1998 (24 years)",
        "nationality": "english",
        "height": "174 cm",
        "weight": "69 kg",
        "goals": 0,
        "assists": 0,
        "shots": 4,
        "shots against post and bar": 0,
        "penalties": 0,
        "penalties scored": 0,
        "goal attempts": "0/4",
        "tackles won": 94,
        "ariel duels won": 5,
        "fouls": 15,
        "yellow cards": 1,
        "appearances": 12,
        "sprints": 160,
        "intensive runs": 481,
        "distance (km)": 59.1,
        "speed (km/h)": 32.38,
        "passes completed": 87.1,
        "own-goals": 0,
        "crosses": 8
    }, {
        "name": "Niklas Süle",
        "club": "fc bayern münchen",
        "position": "defender",
        "birthday": "03.09.1995 (26 years)",
        "nationality": "german",
        "height": "195 cm",
        "weight": "99 kg",
        "goals": 1,
        "assists": 2,
        "shots": 16,
        "shots against post and bar": 0,
        "penalties": 0,
        "penalties scored": 0,
        "goal attempts": "7/9",
        "tackles won": 163,
        "ariel duels won": 51,
        "fouls": 10,
        "yellow cards": 2,
        "appearances": 28,
        "sprints": 349,
        "intensive runs": 1092,
        "distance (km)": 216.5,
        "speed (km/h)": 33.66,
        "passes completed": 92.5,
        "own-goals": 0,
        "crosses": 6
    }, {
        "name": "Benjamin Pavard",
        "club": "fc bayern münchen",
        "position": "defender",
        "birthday": "28.03.1996 (26 years)",
        "nationality": "french",
        "height": "186 cm",
        "weight": "81 kg",
        "goals": 0,
        "assists": 1,
        "shots": 18,
        "shots against post and bar": 0,
        "penalties": 0,
        "penalties scored": 0,
        "goal attempts": "3/15",
        "tackles won": 209,
        "ariel duels won": 59,
        "fouls": 16,
        "yellow cards": 2,
        "appearances": 25,
        "sprints": 596,
        "intensive runs": 1738,
        "distance (km)": 256.4,
        "speed (km/h)": 32.24,
        "passes completed": 90,
        "own-goals": 0,
        "crosses": 28
    }, {
        "name": "Alphonso Davies",
        "club": "fc bayern münchen",
        "position": "defender",
        "birthday": "02.11.2000 (21 years)",
        "nationality": "canadian  , liberian",
        "height": "183 cm",
        "weight": "75 kg",
        "goals": 0,
        "assists": 3,
        "shots": 20,
        "shots against post and bar": 0,
        "penalties": 0,
        "penalties scored": 0,
        "goal attempts": "7/13",
        "tackles won": 266,
        "ariel duels won": 16,
        "fouls": 14,
        "yellow cards": 3,
        "appearances": 22,
        "sprints": 704,
        "intensive runs": 1630,
        "distance (km)": 217.7,
        "speed (km/h)": 36.37,
        "passes completed": 85.4,
        "own-goals": 0,
        "crosses": 35
    }, {
        "name": "Bouna Sarr",
        "club": "fc bayern münchen",
        "position": "defender",
        "birthday": "31.01.1992 (30 years)",
        "nationality": "senegalese  , french  , guinean",
        "height": "177 cm",
        "weight": "69 kg",
        "goals": 0,
        "assists": 0,
        "shots": 2,
        "shots against post and bar": 0,
        "penalties": 0,
        "penalties scored": 0,
        "goal attempts": "1/1",
        "tackles won": 19,
        "ariel duels won": 1,
        "fouls": 0,
        "yellow cards": 0,
        "appearances": 5,
        "sprints": 27,
        "intensive runs": 77,
        "distance (km)": 9,
        "speed (km/h)": 33.58,
        "passes completed": 78.1,
        "own-goals": 0,
        "crosses": 2
    }, {
        "name": "Lucas Hernández",
        "club": "fc bayern münchen",
        "position": "defender",
        "birthday": "14.02.1996 (26 years)",
        "nationality": "french  , spanish",
        "height": "184 cm",
        "weight": "79 kg",
        "goals": 0,
        "assists": 1,
        "shots": 3,
        "shots against post and bar": 0,
        "penalties": 0,
        "penalties scored": 0,
        "goal attempts": "1/2",
        "tackles won": 233,
        "ariel duels won": 45,
        "fouls": 22,
        "yellow cards": 7,
        "appearances": 25,
        "sprints": 504,
        "intensive runs": 1472,
        "distance (km)": 237.2,
        "speed (km/h)": 33.88,
        "passes completed": 91.6,
        "own-goals": 0,
        "crosses": 4
    }, {
        "name": "Tanguy Nianzou",
        "club": "fc bayern münchen",
        "position": "defender",
        "birthday": "07.06.2002 (19 years)",
        "nationality": "french  , ivorian",
        "height": "191 cm",
        "weight": "85 kg",
        "goals": 1,
        "assists": 1,
        "shots": 7,
        "shots against post and bar": 0,
        "penalties": 0,
        "penalties scored": 0,
        "goal attempts": "1/6",
        "tackles won": 76,
        "ariel duels won": 22,
        "fouls": 13,
        "yellow cards": 4,
        "appearances": 17,
        "sprints": 97,
        "intensive runs": 351,
        "distance (km)": 70.7,
        "speed (km/h)": 32.85,
        "passes completed": 91.6,
        "own-goals": 0,
        "crosses": 1
    }, {
        "name": "Nicolas Feldhahn",
        "club": "fc bayern münchen",
        "position": "defender",
        "birthday": "14.08.1986 (35 years)",
        "nationality": "german",
        "height": "189 cm",
        "weight": "94 kg",
        "": "/"
    }, {
        "name": "Josip Stanišić",
        "club": "fc bayern münchen",
        "position": "defender",
        "birthday": "02.04.2000 (22 years)",
        "nationality": "croatian  , german",
        "height": "186 cm",
        "weight": "77 kg",
        "goals": 1,
        "assists": 0,
        "shots": 4,
        "shots against post and bar": 0,
        "penalties": 0,
        "penalties scored": 0,
        "goal attempts": "3/1",
        "tackles won": 88,
        "ariel duels won": 8,
        "fouls": 5,
        "yellow cards": 1,
        "appearances": 13,
        "sprints": 233,
        "intensive runs": 598,
        "distance (km)": 83.3,
        "speed (km/h)": 34.07,
        "passes completed": 88,
        "own-goals": 0,
        "crosses": 8
    }, {
        "name": "Jamie Lawrence",
        "club": "fc bayern münchen",
        "position": "defender",
        "birthday": "10.11.2002 (19 years)",
        "nationality": "german  , nigerian",
        "height": "200 cm",
        "": "/"
    }, {
        "name": "Joshua Kimmich",
        "club": "fc bayern münchen",
        "position": "midfielder",
        "birthday": "08.02.1995 (27 years)",
        "nationality": "german",
        "height": "177 cm",
        "weight": "75 kg",
        "goals": 3,
        "assists": 11,
        "shots": 31,
        "shots against post and bar": 1,
        "penalties": 0,
        "penalties scored": 0,
        "goal attempts": "13/18",
        "tackles won": 288,
        "ariel duels won": 31,
        "fouls": 18,
        "yellow cards": 4,
        "appearances": 28,
        "sprints": 523,
        "intensive runs": 2201,
        "distance (km)": 343.6,
        "speed (km/h)": 31.91,
        "passes completed": 89.2,
        "own-goals": 0,
        "crosses": 15
    }, {
        "name": "Leon Goretzka",
        "club": "fc bayern münchen",
        "position": "midfielder",
        "birthday": "06.02.1995 (27 years)",
        "nationality": "german",
        "height": "189 cm",
        "weight": "82 kg",
        "goals": 3,
        "assists": 3,
        "shots": 44,
        "shots against post and bar": 2,
        "penalties": 0,
        "penalties scored": 0,
        "goal attempts": "14/30",
        "tackles won": 157,
        "ariel duels won": 33,
        "fouls": 14,
        "yellow cards": 0,
        "appearances": 19,
        "sprints": 324,
        "intensive runs": 1025,
        "distance (km)": 171.3,
        "speed (km/h)": 32.72,
        "passes completed": 85.3,
        "own-goals": 0,
        "crosses": 7
    }, {
        "name": "Paul Wanner",
        "club": "fc bayern münchen",
        "position": "midfielder",
        "birthday": "23.12.2005 (16 years)",
        "nationality": "german  , austrian",
        "height": "185 cm",
        "goals": 0,
        "assists": 0,
        "shots": 0,
        "shots against post and bar": 0,
        "penalties": 0,
        "penalties scored": 0,
        "goal attempts": "0/0",
        "tackles won": 3,
        "ariel duels won": 0,
        "fouls": 1,
        "yellow cards": 0,
        "appearances": 4,
        "sprints": 13,
        "intensive runs": 51,
        "distance (km)": 6,
        "speed (km/h)": 28.87,
        "passes completed": 76.9,
        "own-goals": 0,
        "crosses": 1
    }, {
        "name": "Arijon Ibrahimovic",
        "club": "fc bayern münchen",
        "position": "midfielder",
        "birthday": "11.12.2005 (16 years)",
        "nationality": "german  , kosovar",
        "": "/"
    }, {
        "name": "Marcel Sabitzer",
        "club": "fc bayern münchen",
        "position": "midfielder",
        "birthday": "17.03.1994 (28 years)",
        "nationality": "austrian",
        "height": "178 cm",
        "weight": "76 kg",
        "goals": 1,
        "assists": 1,
        "shots": 21,
        "shots against post and bar": 0,
        "penalties": 0,
        "penalties scored": 0,
        "goal attempts": "6/15",
        "tackles won": 115,
        "ariel duels won": 16,
        "fouls": 17,
        "yellow cards": 1,
        "appearances": 27,
        "sprints": 285,
        "intensive runs": 1008,
        "distance (km)": 133.6,
        "speed (km/h)": 33,
        "passes completed": 84.5,
        "own-goals": 0,
        "crosses": 13
    }, {
        "name": "Marc Roca",
        "club": "fc bayern münchen",
        "position": "midfielder",
        "birthday": "26.11.1996 (25 years)",
        "nationality": "spanish",
        "height": "184 cm",
        "weight": "77 kg",
        "goals": 0,
        "assists": 0,
        "shots": 4,
        "shots against post and bar": 0,
        "penalties": 0,
        "penalties scored": 0,
        "goal attempts": "0/4",
        "tackles won": 42,
        "ariel duels won": 2,
        "fouls": 10,
        "yellow cards": 0,
        "appearances": 9,
        "sprints": 79,
        "intensive runs": 324,
        "distance (km)": 53.9,
        "speed (km/h)": 29.08,
        "passes completed": 89.3,
        "own-goals": 0,
        "crosses": 1
    }, {
        "name": "Corentin Tolisso",
        "club": "fc bayern münchen",
        "position": "midfielder",
        "birthday": "03.08.1994 (27 years)",
        "nationality": "french  , togolese",
        "height": "181 cm",
        "weight": "81 kg",
        "goals": 2,
        "assists": 1,
        "shots": 17,
        "shots against post and bar": 0,
        "penalties": 0,
        "penalties scored": 0,
        "goal attempts": "3/14",
        "tackles won": 80,
        "ariel duels won": 19,
        "fouls": 13,
        "yellow cards": 0,
        "appearances": 15,
        "sprints": 164,
        "intensive runs": 685,
        "distance (km)": 92.4,
        "speed (km/h)": 33.01,
        "passes completed": 88.7,
        "own-goals": 0,
        "crosses": 4
    }, {
        "name": "Taylor Booth",
        "club": "fc bayern münchen",
        "position": "midfielder",
        "birthday": "31.05.2001 (20 years)",
        "nationality": "american  , italian",
        "height": "173 cm",
        "weight": "66 kg",
        "": "/"
    }, {
        "name": "Gabriel Vidović",
        "club": "fc bayern münchen",
        "position": "midfielder",
        "birthday": "01.12.2003 (18 years)",
        "nationality": "german  , croatian",
        "height": "180 cm",
        "goals": 0,
        "assists": 0,
        "shots": 0,
        "shots against post and bar": 0,
        "penalties": 0,
        "penalties scored": 0,
        "goal attempts": "0/0",
        "tackles won": 5,
        "ariel duels won": 0,
        "fouls": 0,
        "yellow cards": 0,
        "appearances": 3,
        "sprints": 8,
        "intensive runs": 27,
        "distance (km)": 5.3,
        "speed (km/h)": 28.18,
        "passes completed": 0,
        "own-goals": 0,
        "crosses": 0
    }, {
        "name": "Timo Kern",
        "club": "fc bayern münchen",
        "position": "midfielder",
        "birthday": "16.01.1990 (32 years)",
        "nationality": "german",
        "height": "179 cm",
        "weight": "75 kg",
        "goals": 0,
        "assists": 0,
        "shots": 0,
        "shots against post and bar": 0,
        "penalties": 0,
        "penalties scored": 0,
        "goal attempts": "0/0",
        "tackles won": 0,
        "ariel duels won": 0,
        "fouls": 0,
        "yellow cards": 0,
        "appearances": 0,
        "sprints": 0,
        "intensive runs": 0,
        "distance (km)": 0,
        "speed (km/h)": 0,
        "passes completed": 0,
        "own-goals": 0,
        "crosses": 0
    }, {
        "name": "Serge Gnabry",
        "club": "fc bayern münchen",
        "position": "striker",
        "birthday": "14.07.1995 (26 years)",
        "nationality": "german  , ivorian",
        "height": "176 cm",
        "weight": "77 kg",
        "goals": 14,
        "assists": 5,
        "shots": 68,
        "shots against post and bar": 3,
        "penalties": 0,
        "penalties scored": 0,
        "goal attempts": "29/39",
        "tackles won": 250,
        "ariel duels won": 12,
        "fouls": 12,
        "yellow cards": 0,
        "appearances": 34,
        "sprints": 774,
        "intensive runs": 1961,
        "distance (km)": 255.1,
        "speed (km/h)": 34.76,
        "passes completed": 82.1,
        "own-goals": 0,
        "crosses": 50
    }, {
        "name": "Robert Lewandowski",
        "club": "fc bayern münchen",
        "position": "striker",
        "birthday": "21.08.1988 (33 years)",
        "nationality": "polish",
        "height": "185 cm",
        "weight": "81 kg",
        "goals": 35,
        "assists": 3,
        "shots": 158,
        "shots against post and bar": 7,
        "penalties": 5,
        "penalties scored": 5,
        "goal attempts": "81/77",
        "tackles won": 302,
        "ariel duels won": 62,
        "fouls": 19,
        "yellow cards": 2,
        "appearances": 34,
        "sprints": 625,
        "intensive runs": 1783,
        "distance (km)": 323.3,
        "speed (km/h)": 33.46,
        "passes completed": 80.5,
        "own-goals": 0,
        "crosses": 17
    }, {
        "name": "Leroy Sané",
        "club": "fc bayern münchen",
        "position": "striker",
        "birthday": "11.01.1996 (26 years)",
        "nationality": "german  , french",
        "height": "183 cm",
        "weight": "80 kg",
        "goals": 7,
        "assists": 7,
        "shots": 90,
        "shots against post and bar": 1,
        "penalties": 0,
        "penalties scored": 0,
        "goal attempts": "32/58",
        "tackles won": 220,
        "ariel duels won": 3,
        "fouls": 23,
        "yellow cards": 3,
        "appearances": 32,
        "sprints": 782,
        "intensive runs": 1758,
        "distance (km)": 229.5,
        "speed (km/h)": 35.25,
        "passes completed": 84.9,
        "own-goals": 0,
        "crosses": 14
    }, {
        "name": "Kingsley Coman",
        "club": "fc bayern münchen",
        "position": "striker",
        "birthday": "13.06.1996 (25 years)",
        "nationality": "french  , french",
        "height": "180 cm",
        "weight": "76 kg",
        "goals": 6,
        "assists": 2,
        "shots": 48,
        "shots against post and bar": 0,
        "penalties": 0,
        "penalties scored": 0,
        "goal attempts": "23/25",
        "tackles won": 186,
        "ariel duels won": 11,
        "fouls": 8,
        "yellow cards": 1,
        "appearances": 21,
        "sprints": 456,
        "intensive runs": 1123,
        "distance (km)": 159.8,
        "speed (km/h)": 35.31,
        "passes completed": 84.4,
        "own-goals": 0,
        "crosses": 68
    }, {
        "name": "Eric Maxim Choupo-Moting",
        "club": "fc bayern münchen",
        "position": "striker",
        "birthday": "23.03.1989 (33 years)",
        "nationality": "cameroonian  , german",
        "height": "191 cm",
        "weight": "90 kg",
        "goals": 4,
        "assists": 2,
        "shots": 16,
        "shots against post and bar": 1,
        "penalties": 0,
        "penalties scored": 0,
        "goal attempts": "8/8",
        "tackles won": 74,
        "ariel duels won": 15,
        "fouls": 8,
        "yellow cards": 0,
        "appearances": 20,
        "sprints": 107,
        "intensive runs": 297,
        "distance (km)": 46.6,
        "speed (km/h)": 31.3,
        "passes completed": 78.6,
        "own-goals": 0,
        "crosses": 3
    }, {
        "name": "Thomas Müller",
        "club": "fc bayern münchen",
        "position": "striker",
        "birthday": "13.09.1989 (32 years)",
        "nationality": "german",
        "height": "185 cm",
        "weight": "76 kg",
        "goals": 8,
        "assists": 18,
        "shots": 56,
        "shots against post and bar": 2,
        "penalties": 0,
        "penalties scored": 0,
        "goal attempts": "28/28",
        "tackles won": 275,
        "ariel duels won": 41,
        "fouls": 10,
        "yellow cards": 0,
        "appearances": 32,
        "sprints": 605,
        "intensive runs": 2045,
        "distance (km)": 320.5,
        "speed (km/h)": 33.55,
        "passes completed": 77,
        "own-goals": 1,
        "crosses": 65
    }, {
        "name": "Lucas Copado",
        "club": "fc bayern münchen",
        "position": "striker",
        "birthday": "10.01.2004 (18 years)",
        "nationality": "german  , spanish",
        "goals": 0,
        "assists": 0,
        "shots": 1,
        "shots against post and bar": 0,
        "penalties": 0,
        "penalties scored": 0,
        "goal attempts": "0/1",
        "tackles won": 4,
        "ariel duels won": 0,
        "fouls": 0,
        "yellow cards": 0,
        "appearances": 1,
        "sprints": 11,
        "intensive runs": 20,
        "distance (km)": 2.3,
        "speed (km/h)": 29.02,
        "passes completed": 60,
        "own-goals": 0,
        "crosses": 0
    }, {
        "name": "Malik Tillman",
        "club": "fc bayern münchen",
        "position": "striker",
        "birthday": "28.05.2002 (20 years)",
        "nationality": "german  , american",
        "height": "187 cm",
        "weight": "71 kg",
        "goals": 0,
        "assists": 0,
        "shots": 1,
        "shots against post and bar": 0,
        "penalties": 0,
        "penalties scored": 0,
        "goal attempts": "1/0",
        "tackles won": 13,
        "ariel duels won": 3,
        "fouls": 4,
        "yellow cards": 0,
        "appearances": 4,
        "sprints": 54,
        "intensive runs": 141,
        "distance (km)": 14.2,
        "speed (km/h)": 31.73,
        "passes completed": 75,
        "own-goals": 0,
        "crosses": 0
    }, {
        "name": "Jamal Musiala",
        "club": "fc bayern münchen",
        "position": "striker",
        "birthday": "26.02.2003 (19 years)",
        "nationality": "german  , english",
        "height": "180 cm",
        "weight": "68 kg",
        "goals": 5,
        "assists": 5,
        "shots": 41,
        "shots against post and bar": 1,
        "penalties": 0,
        "penalties scored": 0,
        "goal attempts": "16/25",
        "tackles won": 244,
        "ariel duels won": 7,
        "fouls": 16,
        "yellow cards": 2,
        "appearances": 30,
        "sprints": 400,
        "intensive runs": 1297,
        "distance (km)": 191.1,
        "speed (km/h)": 32.55,
        "passes completed": 86.3,
        "own-goals": 0,
        "crosses": 3
    }, {
        "name": "Péter Gulácsi",
        "club": "rb leipzig",
        "position": "goalkeeper",
        "birthday": "06.05.1990 (32 years)",
        "nationality": "hungarian",
        "height": "191 cm",
        "weight": "86 kg",
        "appearances": 33,
        "sprints": 14,
        "intensive runs": 101,
        "distance (km)": 179.5,
        "speed (km/h)": 27.41,
        "passes completed": 0,
        "own-goals": 0,
        "fouls": 0,
        "yellow cards": 1,
        "shots saved": 82
    }, {
        "name": "Philipp Tschauner",
        "club": "rb leipzig",
        "position": "goalkeeper",
        "birthday": "03.11.1985 (36 years)",
        "nationality": "german",
        "height": "196 cm",
        "weight": "100 kg",
        "appearances": 1,
        "sprints": 0,
        "intensive runs": 1,
        "distance (km)": 0.3,
        "speed (km/h)": 20.29,
        "passes completed": 0,
        "own-goals": 0,
        "fouls": 0,
        "yellow cards": 0,
        "shots saved": 0
    }, {
        "name": "Fabian Eutinger",
        "club": "rb leipzig",
        "position": "goalkeeper",
        "birthday": "12.10.2003 (18 years)",
        "nationality": "german",
        "height": "185 cm",
        "appearances": 0,
        "sprints": 0,
        "intensive runs": 0,
        "distance (km)": 0,
        "speed (km/h)": 0,
        "passes completed": 0,
        "own-goals": 0,
        "fouls": 0,
        "yellow cards": 0,
        "shots saved": 0
    }, {
        "name": "Josep Martínez",
        "club": "rb leipzig",
        "position": "goalkeeper",
        "birthday": "27.05.1998 (24 years)",
        "nationality": "spanish",
        "height": "191 cm",
        "weight": "78 kg",
        "appearances": 1,
        "sprints": 0,
        "intensive runs": 6,
        "distance (km)": 5.6,
        "speed (km/h)": 25.4,
        "passes completed": 0,
        "own-goals": 0,
        "fouls": 0,
        "yellow cards": 0,
        "shots saved": 1
    }, {
        "name": "Jonas Nickisch",
        "club": "rb leipzig",
        "position": "goalkeeper",
        "birthday": "21.05.2004 (18 years)",
        "nationality": "german",
        "appearances": 0,
        "sprints": 0,
        "intensive runs": 0,
        "distance (km)": 0,
        "speed (km/h)": 0,
        "passes completed": 0,
        "own-goals": 0,
        "fouls": 0,
        "yellow cards": 0,
        "shots saved": 0
    }, {
        "name": "Luca Grimpe",
        "club": "rb leipzig",
        "position": "goalkeeper",
        "birthday": "18.05.2004 (18 years)",
        "nationality": "german",
        "height": "185 cm",
        "appearances": 0,
        "sprints": 0,
        "intensive runs": 0,
        "distance (km)": 0,
        "speed (km/h)": 0,
        "passes completed": 0,
        "own-goals": 0,
        "fouls": 0,
        "yellow cards": 0,
        "shots saved": 0
    }, {
        "name": "Mohamed Simakan",
        "club": "rb leipzig",
        "position": "defender",
        "birthday": "03.05.2000 (22 years)",
        "nationality": "french  , guinean",
        "height": "187 cm",
        "weight": "82 kg",
        "goals": 1,
        "assists": 0,
        "shots": 11,
        "shots against post and bar": 0,
        "penalties": 0,
        "penalties scored": 0,
        "goal attempts": "4/7",
        "tackles won": 261,
        "ariel duels won": 81,
        "fouls": 25,
        "yellow cards": 5,
        "appearances": 28,
        "sprints": 442,
        "intensive runs": 1224,
        "distance (km)": 223.5,
        "speed (km/h)": 33.17,
        "passes completed": 89,
        "own-goals": 0,
        "crosses": 5
    }, {
        "name": " Angeliño",
        "club": "rb leipzig",
        "position": "defender",
        "birthday": "04.01.1997 (25 years)",
        "nationality": "spanish",
        "height": "175 cm",
        "weight": "69 kg",
        "goals": 2,
        "assists": 5,
        "shots": 13,
        "shots against post and bar": 0,
        "penalties": 0,
        "penalties scored": 0,
        "goal attempts": "7/6",
        "tackles won": 201,
        "ariel duels won": 12,
        "fouls": 15,
        "yellow cards": 3,
        "appearances": 29,
        "sprints": 642,
        "intensive runs": 1852,
        "distance (km)": 276.2,
        "speed (km/h)": 32.18,
        "passes completed": 76.9,
        "own-goals": 0,
        "crosses": 115
    }, {
        "name": "Willi Orban",
        "club": "rb leipzig",
        "position": "defender",
        "birthday": "03.11.1992 (29 years)",
        "nationality": "hungarian  , german",
        "height": "186 cm",
        "weight": "87 kg",
        "goals": 2,
        "assists": 1,
        "shots": 21,
        "shots against post and bar": 1,
        "penalties": 0,
        "penalties scored": 0,
        "goal attempts": "8/13",
        "tackles won": 269,
        "ariel duels won": 123,
        "fouls": 12,
        "yellow cards": 1,
        "appearances": 30,
        "sprints": 395,
        "intensive runs": 1352,
        "distance (km)": 295.6,
        "speed (km/h)": 32.47,
        "passes completed": 91.6,
        "own-goals": 0,
        "crosses": 4
    }, {
        "name": "Lukas Klostermann",
        "club": "rb leipzig",
        "position": "defender",
        "birthday": "03.06.1996 (25 years)",
        "nationality": "german",
        "height": "187 cm",
        "weight": "88 kg",
        "goals": 1,
        "assists": 1,
        "shots": 7,
        "shots against post and bar": 0,
        "penalties": 0,
        "penalties scored": 0,
        "goal attempts": "1/6",
        "tackles won": 141,
        "ariel duels won": 34,
        "fouls": 9,
        "yellow cards": 1,
        "appearances": 23,
        "sprints": 336,
        "intensive runs": 1083,
        "distance (km)": 195.7,
        "speed (km/h)": 35.97,
        "passes completed": 89.7,
        "own-goals": 0,
        "crosses": 3
    }, {
        "name": "Nordi Mukiele",
        "club": "rb leipzig",
        "position": "defender",
        "birthday": "01.11.1997 (24 years)",
        "nationality": "french  , congolese",
        "height": "187 cm",
        "weight": "84 kg",
        "goals": 1,
        "assists": 3,
        "shots": 21,
        "shots against post and bar": 2,
        "penalties": 0,
        "penalties scored": 0,
        "goal attempts": "7/14",
        "tackles won": 251,
        "ariel duels won": 58,
        "fouls": 20,
        "yellow cards": 3,
        "appearances": 28,
        "sprints": 523,
        "intensive runs": 1453,
        "distance (km)": 211.6,
        "speed (km/h)": 34.39,
        "passes completed": 76.5,
        "own-goals": 0,
        "crosses": 30
    }, {
        "name": "Marcel Halstenberg",
        "club": "rb leipzig",
        "position": "defender",
        "birthday": "27.09.1991 (30 years)",
        "nationality": "german",
        "height": "188 cm",
        "weight": "87 kg",
        "goals": 1,
        "assists": 0,
        "shots": 5,
        "shots against post and bar": 0,
        "penalties": 0,
        "penalties scored": 0,
        "goal attempts": "2/3",
        "tackles won": 60,
        "ariel duels won": 11,
        "fouls": 3,
        "yellow cards": 0,
        "appearances": 8,
        "sprints": 109,
        "intensive runs": 377,
        "distance (km)": 60.3,
        "speed (km/h)": 32.93,
        "passes completed": 100,
        "own-goals": 0,
        "crosses": 2
    }, {
        "name": "Gustav Madsen",
        "club": "rb leipzig",
        "position": "defender",
        "birthday": "27.01.2003 (19 years)",
        "nationality": "danish",
        "goals": 0,
        "assists": 0,
        "shots": 0,
        "shots against post and bar": 0,
        "penalties": 0,
        "penalties scored": 0,
        "goal attempts": "0/0",
        "tackles won": 0,
        "ariel duels won": 0,
        "fouls": 0,
        "yellow cards": 0,
        "appearances": 0,
        "sprints": 0,
        "intensive runs": 0,
        "distance (km)": 0,
        "speed (km/h)": 0,
        "passes completed": 0,
        "own-goals": 0,
        "crosses": 0
    }, {
        "name": "Joško Gvardiol",
        "club": "rb leipzig",
        "position": "defender",
        "birthday": "23.01.2002 (20 years)",
        "nationality": "croatian",
        "height": "185 cm",
        "weight": "80 kg",
        "goals": 2,
        "assists": 2,
        "shots": 20,
        "shots against post and bar": 0,
        "penalties": 0,
        "penalties scored": 0,
        "goal attempts": "6/14",
        "tackles won": 336,
        "ariel duels won": 71,
        "fouls": 39,
        "yellow cards": 7,
        "appearances": 29,
        "sprints": 560,
        "intensive runs": 1740,
        "distance (km)": 284.3,
        "speed (km/h)": 34.57,
        "passes completed": 85.1,
        "own-goals": 1,
        "crosses": 4
    }, {
        "name": "Solomon Bonnah",
        "club": "rb leipzig",
        "position": "defender",
        "birthday": "19.08.2003 (18 years)",
        "nationality": "dutch  , ghanaian",
        "height": "165 cm",
        "weight": "60 kg",
        "goals": 0,
        "assists": 0,
        "shots": 0,
        "shots against post and bar": 0,
        "penalties": 0,
        "penalties scored": 0,
        "goal attempts": "0/0",
        "tackles won": 2,
        "ariel duels won": 0,
        "fouls": 0,
        "yellow cards": 0,
        "appearances": 1,
        "sprints": 3,
        "intensive runs": 7,
        "distance (km)": 1.1,
        "speed (km/h)": 29.83,
        "passes completed": 100,
        "own-goals": 0,
        "crosses": 0
    }, {
        "name": "Benjamin Henrichs",
        "club": "rb leipzig",
        "position": "defender",
        "birthday": "23.02.1997 (25 years)",
        "nationality": "german  , ghanaian",
        "height": "183 cm",
        "weight": "79 kg",
        "goals": 3,
        "assists": 3,
        "shots": 13,
        "shots against post and bar": 0,
        "penalties": 0,
        "penalties scored": 0,
        "goal attempts": "6/7",
        "tackles won": 128,
        "ariel duels won": 7,
        "fouls": 11,
        "yellow cards": 3,
        "appearances": 22,
        "sprints": 321,
        "intensive runs": 888,
        "distance (km)": 133.4,
        "speed (km/h)": 32.95,
        "passes completed": 81.1,
        "own-goals": 0,
        "crosses": 21
    }, {
        "name": "Julius Pfennig",
        "club": "rb leipzig",
        "position": "defender",
        "birthday": "17.02.2003 (19 years)",
        "nationality": "german",
        "goals": 0,
        "assists": 0,
        "shots": 0,
        "shots against post and bar": 0,
        "penalties": 0,
        "penalties scored": 0,
        "goal attempts": "0/0",
        "tackles won": 0,
        "ariel duels won": 0,
        "fouls": 0,
        "yellow cards": 0,
        "appearances": 0,
        "sprints": 0,
        "intensive runs": 0,
        "distance (km)": 0,
        "speed (km/h)": 0,
        "passes completed": 0,
        "own-goals": 0,
        "crosses": 0
    }, {
        "name": "David Lelle",
        "club": "rb leipzig",
        "position": "defender",
        "birthday": "09.03.2003 (19 years)",
        "nationality": "german",
        "height": "189 cm",
        "": "/"
    }, {
        "name": "Amadou Haidara",
        "club": "rb leipzig",
        "position": "midfielder",
        "birthday": "31.01.1998 (24 years)",
        "nationality": "malian",
        "height": "175 cm",
        "weight": "72 kg",
        "goals": 3,
        "assists": 1,
        "shots": 14,
        "shots against post and bar": 0,
        "penalties": 0,
        "penalties scored": 0,
        "goal attempts": "5/9",
        "tackles won": 163,
        "ariel duels won": 24,
        "fouls": 20,
        "yellow cards": 2,
        "appearances": 20,
        "sprints": 221,
        "intensive runs": 1037,
        "distance (km)": 171,
        "speed (km/h)": 32.75,
        "passes completed": 86.1,
        "own-goals": 0,
        "crosses": 4
    }, {
        "name": "Tyler Adams",
        "club": "rb leipzig",
        "position": "midfielder",
        "birthday": "14.02.1999 (23 years)",
        "nationality": "american",
        "height": "175 cm",
        "weight": "72 kg",
        "goals": 0,
        "assists": 1,
        "shots": 2,
        "shots against post and bar": 0,
        "penalties": 0,
        "penalties scored": 0,
        "goal attempts": "1/2",
        "tackles won": 146,
        "ariel duels won": 18,
        "fouls": 17,
        "yellow cards": 5,
        "appearances": 24,
        "sprints": 424,
        "intensive runs": 1433,
        "distance (km)": 174.3,
        "speed (km/h)": 32.31,
        "passes completed": 90.2,
        "own-goals": 0,
        "crosses": 2
    }, {
        "name": "Dominik Szoboszlai",
        "club": "rb leipzig",
        "position": "midfielder",
        "birthday": "25.10.2000 (21 years)",
        "nationality": "hungarian",
        "height": "186 cm",
        "weight": "74 kg",
        "goals": 6,
        "assists": 8,
        "shots": 42,
        "shots against post and bar": 1,
        "penalties": 1,
        "penalties scored": 0,
        "goal attempts": "15/27",
        "tackles won": 170,
        "ariel duels won": 20,
        "fouls": 14,
        "yellow cards": 2,
        "appearances": 31,
        "sprints": 495,
        "intensive runs": 1279,
        "distance (km)": 188.5,
        "speed (km/h)": 33.95,
        "passes completed": 83.3,
        "own-goals": 0,
        "crosses": 31
    }, {
        "name": "Christopher Nkunku",
        "club": "rb leipzig",
        "position": "midfielder",
        "birthday": "14.11.1997 (24 years)",
        "nationality": "french  , congolese",
        "height": "175 cm",
        "weight": "73 kg",
        "goals": 20,
        "assists": 13,
        "shots": 81,
        "shots against post and bar": 4,
        "penalties": 1,
        "penalties scored": 1,
        "goal attempts": "41/40",
        "tackles won": 317,
        "ariel duels won": 29,
        "fouls": 30,
        "yellow cards": 2,
        "appearances": 34,
        "sprints": 906,
        "intensive runs": 2184,
        "distance (km)": 305.1,
        "speed (km/h)": 35.54,
        "passes completed": 83.9,
        "own-goals": 0,
        "crosses": 33
    }, {
        "name": "Konrad Laimer",
        "club": "rb leipzig",
        "position": "midfielder",
        "birthday": "27.05.1997 (25 years)",
        "nationality": "austrian",
        "height": "180 cm",
        "weight": "72 kg",
        "goals": 4,
        "assists": 4,
        "shots": 16,
        "shots against post and bar": 1,
        "penalties": 0,
        "penalties scored": 0,
        "goal attempts": "8/8",
        "tackles won": 177,
        "ariel duels won": 17,
        "fouls": 37,
        "yellow cards": 2,
        "appearances": 26,
        "sprints": 380,
        "intensive runs": 960,
        "distance (km)": 154.9,
        "speed (km/h)": 34.64,
        "passes completed": 81.8,
        "own-goals": 0,
        "crosses": 12
    }, {
        "name": "Daniel Krasucki",
        "club": "rb leipzig",
        "position": "midfielder",
        "birthday": "01.07.2003 (18 years)",
        "nationality": "german  , polish",
        "height": "183 cm",
        "goals": 0,
        "assists": 0,
        "shots": 0,
        "shots against post and bar": 0,
        "penalties": 0,
        "penalties scored": 0,
        "goal attempts": "0/0",
        "tackles won": 0,
        "ariel duels won": 0,
        "fouls": 0,
        "yellow cards": 0,
        "appearances": 0,
        "sprints": 0,
        "intensive runs": 0,
        "distance (km)": 0,
        "speed (km/h)": 0,
        "passes completed": 0,
        "own-goals": 0,
        "crosses": 0
    }, {
        "name": "Sidney Raebiger",
        "club": "rb leipzig",
        "position": "midfielder",
        "birthday": "17.04.2005 (17 years)",
        "nationality": "german",
        "height": "176 cm",
        "weight": "70 kg",
        "goals": 0,
        "assists": 0,
        "shots": 0,
        "shots against post and bar": 0,
        "penalties": 0,
        "penalties scored": 0,
        "goal attempts": "0/0",
        "tackles won": 0,
        "ariel duels won": 0,
        "fouls": 0,
        "yellow cards": 0,
        "appearances": 1,
        "sprints": 2,
        "intensive runs": 6,
        "distance (km)": 0.6,
        "speed (km/h)": 25.47,
        "passes completed": 50,
        "own-goals": 0,
        "crosses": 0
    }, {
        "name": "Kevin Kampl",
        "club": "rb leipzig",
        "position": "midfielder",
        "birthday": "09.10.1990 (31 years)",
        "nationality": "slovenian",
        "height": "178 cm",
        "weight": "66 kg",
        "goals": 0,
        "assists": 1,
        "shots": 7,
        "shots against post and bar": 0,
        "penalties": 0,
        "penalties scored": 0,
        "goal attempts": "3/4",
        "tackles won": 171,
        "ariel duels won": 10,
        "fouls": 33,
        "yellow cards": 4,
        "appearances": 27,
        "sprints": 319,
        "intensive runs": 1442,
        "distance (km)": 240.5,
        "speed (km/h)": 32.2,
        "passes completed": 91.9,
        "own-goals": 0,
        "crosses": 4
    }, {
        "name": "Mehmet Ibrahimi",
        "club": "rb leipzig",
        "position": "midfielder",
        "birthday": "09.02.2003 (19 years)",
        "nationality": "german  , kosovar",
        "height": "180 cm",
        "weight": "73 kg",
        "goals": 0,
        "assists": 0,
        "shots": 0,
        "shots against post and bar": 0,
        "penalties": 0,
        "penalties scored": 0,
        "goal attempts": "0/0",
        "tackles won": 0,
        "ariel duels won": 0,
        "fouls": 0,
        "yellow cards": 0,
        "appearances": 0,
        "sprints": 0,
        "intensive runs": 0,
        "distance (km)": 0,
        "speed (km/h)": 0,
        "passes completed": 0,
        "own-goals": 0,
        "crosses": 0
    }, {
        "name": "Ben Klefisch",
        "club": "rb leipzig",
        "position": "midfielder",
        "birthday": "02.06.2003 (18 years)",
        "nationality": "german",
        "height": "186 cm",
        "weight": "80 kg",
        "goals": 0,
        "assists": 0,
        "shots": 0,
        "shots against post and bar": 0,
        "penalties": 0,
        "penalties scored": 0,
        "goal attempts": "0/0",
        "tackles won": 0,
        "ariel duels won": 0,
        "fouls": 0,
        "yellow cards": 0,
        "appearances": 0,
        "sprints": 0,
        "intensive runs": 0,
        "distance (km)": 0,
        "speed (km/h)": 0,
        "passes completed": 0,
        "own-goals": 0,
        "crosses": 0
    }, {
        "name": "Eric Uhlmann",
        "club": "rb leipzig",
        "position": "midfielder",
        "birthday": "05.01.2003 (19 years)",
        "nationality": "german",
        "goals": 0,
        "assists": 0,
        "shots": 0,
        "shots against post and bar": 0,
        "penalties": 0,
        "penalties scored": 0,
        "goal attempts": "0/0",
        "tackles won": 0,
        "ariel duels won": 0,
        "fouls": 0,
        "yellow cards": 0,
        "appearances": 0,
        "sprints": 0,
        "intensive runs": 0,
        "distance (km)": 0,
        "speed (km/h)": 0,
        "passes completed": 0,
        "own-goals": 0,
        "crosses": 0
    }, {
        "name": "Yussuf Poulsen",
        "club": "rb leipzig",
        "position": "striker",
        "birthday": "15.06.1994 (27 years)",
        "nationality": "danish  , tanzanian",
        "height": "192 cm",
        "weight": "84 kg",
        "goals": 6,
        "assists": 1,
        "shots": 27,
        "shots against post and bar": 0,
        "penalties": 0,
        "penalties scored": 0,
        "goal attempts": "13/14",
        "tackles won": 173,
        "ariel duels won": 43,
        "fouls": 20,
        "yellow cards": 2,
        "appearances": 25,
        "sprints": 375,
        "intensive runs": 973,
        "distance (km)": 130.6,
        "speed (km/h)": 33.85,
        "passes completed": 66,
        "own-goals": 0,
        "crosses": 6
    }, {
        "name": "Emil Forsberg",
        "club": "rb leipzig",
        "position": "striker",
        "birthday": "23.10.1991 (30 years)",
        "nationality": "swedish",
        "height": "177 cm",
        "weight": "76 kg",
        "goals": 6,
        "assists": 2,
        "shots": 43,
        "shots against post and bar": 2,
        "penalties": 4,
        "penalties scored": 4,
        "goal attempts": "17/26",
        "tackles won": 159,
        "ariel duels won": 11,
        "fouls": 11,
        "yellow cards": 2,
        "appearances": 31,
        "sprints": 318,
        "intensive runs": 1144,
        "distance (km)": 207.5,
        "speed (km/h)": 33.16,
        "passes completed": 85,
        "own-goals": 0,
        "crosses": 9
    }, {
        "name": "Dani Olmo",
        "club": "rb leipzig",
        "position": "striker",
        "birthday": "07.05.1998 (24 years)",
        "nationality": "spanish",
        "height": "179 cm",
        "weight": "72 kg",
        "goals": 3,
        "assists": 3,
        "shots": 21,
        "shots against post and bar": 0,
        "penalties": 0,
        "penalties scored": 0,
        "goal attempts": "10/11",
        "tackles won": 114,
        "ariel duels won": 7,
        "fouls": 4,
        "yellow cards": 2,
        "appearances": 19,
        "sprints": 175,
        "intensive runs": 593,
        "distance (km)": 89.6,
        "speed (km/h)": 31.73,
        "passes completed": 76.9,
        "own-goals": 0,
        "crosses": 5
    }, {
        "name": "André Silva",
        "club": "rb leipzig",
        "position": "striker",
        "birthday": "06.11.1995 (26 years)",
        "nationality": "portuguese",
        "height": "185 cm",
        "weight": "84 kg",
        "goals": 11,
        "assists": 3,
        "shots": 58,
        "shots against post and bar": 2,
        "penalties": 3,
        "penalties scored": 3,
        "goal attempts": "29/29",
        "tackles won": 235,
        "ariel duels won": 37,
        "fouls": 21,
        "yellow cards": 1,
        "appearances": 33,
        "sprints": 603,
        "intensive runs": 1596,
        "distance (km)": 239.7,
        "speed (km/h)": 33.46,
        "passes completed": 73.3,
        "own-goals": 0,
        "crosses": 6
    }, {
        "name": "Hugo Novoa",
        "club": "rb leipzig",
        "position": "striker",
        "birthday": "24.01.2003 (19 years)",
        "nationality": "spanish",
        "height": "182 cm",
        "weight": "70 kg",
        "goals": 1,
        "assists": 0,
        "shots": 2,
        "shots against post and bar": 0,
        "penalties": 0,
        "penalties scored": 0,
        "goal attempts": "2/0",
        "tackles won": 23,
        "ariel duels won": 0,
        "fouls": 1,
        "yellow cards": 0,
        "appearances": 8,
        "sprints": 59,
        "intensive runs": 171,
        "distance (km)": 19.5,
        "speed (km/h)": 34.12,
        "passes completed": 74.3,
        "own-goals": 0,
        "crosses": 3
    }, {
        "name": "Gregor Kobel",
        "club": "borussia dortmund",
        "position": "goalkeeper",
        "birthday": "06.12.1997 (24 years)",
        "nationality": "swiss",
        "height": "196 cm",
        "weight": "88 kg",
        "appearances": 29,
        "sprints": 19,
        "intensive runs": 141,
        "distance (km)": 160.3,
        "speed (km/h)": 28.91,
        "passes completed": 0,
        "own-goals": 0,
        "fouls": 1,
        "yellow cards": 0,
        "shots saved": 81
    }, {
        "name": "Luca Unbehaun",
        "club": "borussia dortmund",
        "position": "goalkeeper",
        "birthday": "27.02.2001 (21 years)",
        "nationality": "german",
        "height": "185 cm",
        "weight": "82 kg",
        "": "/"
    }, {
        "name": "Silas Ostrzinski",
        "club": "borussia dortmund",
        "position": "goalkeeper",
        "birthday": "19.11.2003 (18 years)",
        "nationality": "german",
        "height": "198 cm",
        "weight": "86 kg",
        "appearances": 0,
        "sprints": 0,
        "intensive runs": 0,
        "distance (km)": 0,
        "speed (km/h)": 0,
        "passes completed": 0,
        "own-goals": 0,
        "fouls": 0,
        "yellow cards": 0,
        "shots saved": 0
    }, {
        "name": "Marwin Hitz",
        "club": "borussia dortmund",
        "position": "goalkeeper",
        "birthday": "18.09.1987 (34 years)",
        "nationality": "swiss",
        "height": "194 cm",
        "weight": "89 kg",
        "appearances": 5,
        "sprints": 5,
        "intensive runs": 19,
        "distance (km)": 26,
        "speed (km/h)": 26.43,
        "passes completed": 0,
        "own-goals": 0,
        "fouls": 0,
        "yellow cards": 0,
        "shots saved": 12
    }, {
        "name": "Roman Bürki",
        "club": "borussia dortmund",
        "position": "goalkeeper",
        "birthday": "14.11.1990 (31 years)",
        "nationality": "swiss",
        "height": "187 cm",
        "weight": "85 kg",
        "appearances": 1,
        "sprints": 1,
        "intensive runs": 5,
        "distance (km)": 5,
        "speed (km/h)": 26.03,
        "passes completed": 0,
        "own-goals": 0,
        "fouls": 0,
        "yellow cards": 0,
        "shots saved": 0
    }, {
        "name": "Stefan Drljača",
        "club": "borussia dortmund",
        "position": "goalkeeper",
        "birthday": "20.04.1999 (23 years)",
        "nationality": "german  , serbian",
        "height": "192 cm",
        "weight": "92 kg",
        "appearances": 0,
        "sprints": 0,
        "intensive runs": 0,
        "distance (km)": 0,
        "speed (km/h)": 0,
        "passes completed": 0,
        "own-goals": 0,
        "fouls": 0,
        "yellow cards": 0,
        "shots saved": 0
    }, {
        "name": "Mateu Morey",
        "club": "borussia dortmund",
        "position": "defender",
        "birthday": "02.03.2000 (22 years)",
        "nationality": "spanish",
        "height": "173 cm",
        "weight": "67 kg",
        "goals": 0,
        "assists": 0,
        "shots": 0,
        "shots against post and bar": 0,
        "penalties": 0,
        "penalties scored": 0,
        "goal attempts": "0/0",
        "tackles won": 0,
        "ariel duels won": 0,
        "fouls": 0,
        "yellow cards": 0,
        "appearances": 0,
        "sprints": 0,
        "intensive runs": 0,
        "distance (km)": 0,
        "speed (km/h)": 0,
        "passes completed": 0,
        "own-goals": 0,
        "crosses": 0
    }, {
        "name": "Soumaïla Coulibaly",
        "club": "borussia dortmund",
        "position": "defender",
        "birthday": "14.10.2003 (18 years)",
        "nationality": "french  , malian",
        "height": "190 cm",
        "weight": "82 kg",
        "goals": 0,
        "assists": 0,
        "shots": 0,
        "shots against post and bar": 0,
        "penalties": 0,
        "penalties scored": 0,
        "goal attempts": "0/0",
        "tackles won": 0,
        "ariel duels won": 0,
        "fouls": 0,
        "yellow cards": 0,
        "appearances": 0,
        "sprints": 0,
        "intensive runs": 0,
        "distance (km)": 0,
        "speed (km/h)": 0,
        "passes completed": 0,
        "own-goals": 0,
        "crosses": 0
    }, {
        "name": "Dan-Axel Zagadou",
        "club": "borussia dortmund",
        "position": "defender",
        "birthday": "03.06.1999 (22 years)",
        "nationality": "french  , ivorian",
        "height": "196 cm",
        "weight": "90 kg",
        "goals": 0,
        "assists": 0,
        "shots": 4,
        "shots against post and bar": 0,
        "penalties": 0,
        "penalties scored": 0,
        "goal attempts": "2/2",
        "tackles won": 131,
        "ariel duels won": 51,
        "fouls": 12,
        "yellow cards": 2,
        "appearances": 15,
        "sprints": 162,
        "intensive runs": 585,
        "distance (km)": 115.8,
        "speed (km/h)": 31.62,
        "passes completed": 89.2,
        "own-goals": 0,
        "crosses": 1
    }, {
        "name": "Raphaël Guerreiro",
        "club": "borussia dortmund",
        "position": "defender",
        "birthday": "22.12.1993 (28 years)",
        "nationality": "portuguese  , french",
        "height": "170 cm",
        "weight": "71 kg",
        "goals": 4,
        "assists": 2,
        "shots": 32,
        "shots against post and bar": 1,
        "penalties": 1,
        "penalties scored": 1,
        "goal attempts": "11/21",
        "tackles won": 150,
        "ariel duels won": 12,
        "fouls": 12,
        "yellow cards": 1,
        "appearances": 23,
        "sprints": 438,
        "intensive runs": 1360,
        "distance (km)": 214.8,
        "speed (km/h)": 31.77,
        "passes completed": 86.2,
        "own-goals": 0,
        "crosses": 18
    }, {
        "name": "Nico Schulz",
        "club": "borussia dortmund",
        "position": "defender",
        "birthday": "01.04.1993 (29 years)",
        "nationality": "german  , italian",
        "height": "181 cm",
        "weight": "83 kg",
        "goals": 0,
        "assists": 2,
        "shots": 4,
        "shots against post and bar": 1,
        "penalties": 0,
        "penalties scored": 0,
        "goal attempts": "2/2",
        "tackles won": 82,
        "ariel duels won": 11,
        "fouls": 12,
        "yellow cards": 2,
        "appearances": 16,
        "sprints": 234,
        "intensive runs": 595,
        "distance (km)": 103.6,
        "speed (km/h)": 34.17,
        "passes completed": 86.3,
        "own-goals": 0,
        "crosses": 5
    }, {
        "name": "Mats Hummels",
        "club": "borussia dortmund",
        "position": "defender",
        "birthday": "16.12.1988 (33 years)",
        "nationality": "german",
        "height": "191 cm",
        "weight": "94 kg",
        "goals": 1,
        "assists": 2,
        "shots": 12,
        "shots against post and bar": 1,
        "penalties": 0,
        "penalties scored": 0,
        "goal attempts": "3/9",
        "tackles won": 216,
        "ariel duels won": 90,
        "fouls": 15,
        "yellow cards": 4,
        "appearances": 23,
        "sprints": 290,
        "intensive runs": 1008,
        "distance (km)": 202.1,
        "speed (km/h)": 31.32,
        "passes completed": 90.2,
        "own-goals": 0,
        "crosses": 1
    }, {
        "name": "Manuel Akanji",
        "club": "borussia dortmund",
        "position": "defender",
        "birthday": "19.07.1995 (26 years)",
        "nationality": "swiss  , nigerian",
        "height": "187 cm",
        "weight": "91 kg",
        "goals": 1,
        "assists": 1,
        "shots": 12,
        "shots against post and bar": 0,
        "penalties": 0,
        "penalties scored": 0,
        "goal attempts": "3/9",
        "tackles won": 237,
        "ariel duels won": 65,
        "fouls": 19,
        "yellow cards": 3,
        "appearances": 26,
        "sprints": 365,
        "intensive runs": 1265,
        "distance (km)": 244.8,
        "speed (km/h)": 34.35,
        "passes completed": 92.4,
        "own-goals": 1,
        "crosses": 3
    }, {
        "name": "Marcel Schmelzer",
        "club": "borussia dortmund",
        "position": "defender",
        "birthday": "22.01.1988 (34 years)",
        "nationality": "german",
        "height": "180 cm",
        "weight": "74 kg",
        "goals": 0,
        "assists": 0,
        "shots": 0,
        "shots against post and bar": 0,
        "penalties": 0,
        "penalties scored": 0,
        "goal attempts": "0/0",
        "tackles won": 0,
        "ariel duels won": 0,
        "fouls": 0,
        "yellow cards": 0,
        "appearances": 0,
        "sprints": 0,
        "intensive runs": 0,
        "distance (km)": 0,
        "speed (km/h)": 0,
        "passes completed": 0,
        "own-goals": 0,
        "crosses": 0
    }, {
        "name": "Marin Pongračić",
        "club": "borussia dortmund",
        "position": "defender",
        "birthday": "11.09.1997 (24 years)",
        "nationality": "croatian  , german",
        "height": "190 cm",
        "weight": "95 kg",
        "goals": 1,
        "assists": 0,
        "shots": 1,
        "shots against post and bar": 0,
        "penalties": 0,
        "penalties scored": 0,
        "goal attempts": "1/0",
        "tackles won": 89,
        "ariel duels won": 16,
        "fouls": 12,
        "yellow cards": 3,
        "appearances": 17,
        "sprints": 175,
        "intensive runs": 510,
        "distance (km)": 93.3,
        "speed (km/h)": 33.07,
        "passes completed": 90,
        "own-goals": 0,
        "crosses": 0
    }, {
        "name": "Tom Rothe",
        "club": "borussia dortmund",
        "position": "defender",
        "birthday": "29.10.2004 (17 years)",
        "nationality": "german",
        "height": "192 cm",
        "goals": 1,
        "assists": 0,
        "shots": 2,
        "shots against post and bar": 0,
        "penalties": 0,
        "penalties scored": 0,
        "goal attempts": "1/1",
        "tackles won": 13,
        "ariel duels won": 2,
        "fouls": 2,
        "yellow cards": 1,
        "appearances": 2,
        "sprints": 31,
        "intensive runs": 78,
        "distance (km)": 12,
        "speed (km/h)": 31.18,
        "passes completed": 84.9,
        "own-goals": 0,
        "crosses": 6
    }, {
        "name": "Lion Semić",
        "club": "borussia dortmund",
        "position": "defender",
        "birthday": "13.09.2003 (18 years)",
        "nationality": "german  , bosnian",
        "height": "180 cm",
        "goals": 0,
        "assists": 0,
        "shots": 0,
        "shots against post and bar": 0,
        "penalties": 0,
        "penalties scored": 0,
        "goal attempts": "0/0",
        "tackles won": 0,
        "ariel duels won": 0,
        "fouls": 0,
        "yellow cards": 0,
        "appearances": 1,
        "sprints": 1,
        "intensive runs": 1,
        "distance (km)": 0.2,
        "speed (km/h)": 28.81,
        "passes completed": 0,
        "own-goals": 0,
        "crosses": 0
    }, {
        "name": "Nnamdi Collins",
        "club": "borussia dortmund",
        "position": "defender",
        "birthday": "10.01.2004 (18 years)",
        "nationality": "german  , nigerian",
        "height": "187 cm",
        "weight": "82 kg",
        "goals": 0,
        "assists": 0,
        "shots": 0,
        "shots against post and bar": 0,
        "penalties": 0,
        "penalties scored": 0,
        "goal attempts": "0/0",
        "tackles won": 0,
        "ariel duels won": 0,
        "fouls": 0,
        "yellow cards": 0,
        "appearances": 0,
        "sprints": 0,
        "intensive runs": 0,
        "distance (km)": 0,
        "speed (km/h)": 0,
        "passes completed": 0,
        "own-goals": 0,
        "crosses": 0
    }, {
        "name": "Lennard Maloney",
        "club": "borussia dortmund",
        "position": "defender",
        "birthday": "08.10.1999 (22 years)",
        "nationality": "german  , american",
        "height": "187 cm",
        "weight": "89 kg",
        "goals": 0,
        "assists": 0,
        "shots": 0,
        "shots against post and bar": 0,
        "penalties": 0,
        "penalties scored": 0,
        "goal attempts": "0/0",
        "tackles won": 1,
        "ariel duels won": 1,
        "fouls": 0,
        "yellow cards": 0,
        "appearances": 2,
        "sprints": 4,
        "intensive runs": 14,
        "distance (km)": 2.3,
        "speed (km/h)": 30.56,
        "passes completed": 76.9,
        "own-goals": 0,
        "crosses": 1
    }, {
        "name": "Giovanni Reyna",
        "club": "borussia dortmund",
        "position": "midfielder",
        "birthday": "13.11.2002 (19 years)",
        "nationality": "american  , portuguese",
        "height": "185 cm",
        "weight": "79 kg",
        "goals": 2,
        "assists": 1,
        "shots": 12,
        "shots against post and bar": 0,
        "penalties": 0,
        "penalties scored": 0,
        "goal attempts": "6/6",
        "tackles won": 66,
        "ariel duels won": 5,
        "fouls": 7,
        "yellow cards": 0,
        "appearances": 10,
        "sprints": 87,
        "intensive runs": 341,
        "distance (km)": 56.2,
        "speed (km/h)": 33.88,
        "passes completed": 88.1,
        "own-goals": 0,
        "crosses": 3
    }, {
        "name": "Mahmoud Dahoud",
        "club": "borussia dortmund",
        "position": "midfielder",
        "birthday": "01.01.1996 (26 years)",
        "nationality": "german  , syrian",
        "height": "178 cm",
        "weight": "68 kg",
        "goals": 2,
        "assists": 3,
        "shots": 25,
        "shots against post and bar": 0,
        "penalties": 0,
        "penalties scored": 0,
        "goal attempts": "4/21",
        "tackles won": 192,
        "ariel duels won": 15,
        "fouls": 20,
        "yellow cards": 5,
        "appearances": 22,
        "sprints": 293,
        "intensive runs": 1374,
        "distance (km)": 220.3,
        "speed (km/h)": 32.07,
        "passes completed": 81.5,
        "own-goals": 0,
        "crosses": 7
    }, {
        "name": "Thorgan Hazard",
        "club": "borussia dortmund",
        "position": "midfielder",
        "birthday": "29.03.1993 (29 years)",
        "nationality": "belgian",
        "height": "175 cm",
        "weight": "71 kg",
        "goals": 4,
        "assists": 1,
        "shots": 22,
        "shots against post and bar": 1,
        "penalties": 0,
        "penalties scored": 0,
        "goal attempts": "7/15",
        "tackles won": 147,
        "ariel duels won": 21,
        "fouls": 23,
        "yellow cards": 2,
        "appearances": 23,
        "sprints": 462,
        "intensive runs": 1438,
        "distance (km)": 179.7,
        "speed (km/h)": 32.54,
        "passes completed": 81.4,
        "own-goals": 0,
        "crosses": 26
    }, {
        "name": "Marco Reus",
        "club": "borussia dortmund",
        "position": "midfielder",
        "birthday": "31.05.1989 (32 years)",
        "nationality": "german",
        "height": "180 cm",
        "weight": "71 kg",
        "goals": 9,
        "assists": 12,
        "shots": 50,
        "shots against post and bar": 2,
        "penalties": 0,
        "penalties scored": 0,
        "goal attempts": "22/28",
        "tackles won": 262,
        "ariel duels won": 13,
        "fouls": 20,
        "yellow cards": 2,
        "appearances": 29,
        "sprints": 842,
        "intensive runs": 2385,
        "distance (km)": 310.8,
        "speed (km/h)": 31.97,
        "passes completed": 84.6,
        "own-goals": 0,
        "crosses": 12
    }, {
        "name": "Julian Brandt",
        "club": "borussia dortmund",
        "position": "midfielder",
        "birthday": "02.05.1996 (26 years)",
        "nationality": "german",
        "height": "185 cm",
        "weight": "83 kg",
        "goals": 9,
        "assists": 8,
        "shots": 33,
        "shots against post and bar": 0,
        "penalties": 0,
        "penalties scored": 0,
        "goal attempts": "16/17",
        "tackles won": 207,
        "ariel duels won": 17,
        "fouls": 11,
        "yellow cards": 3,
        "appearances": 31,
        "sprints": 639,
        "intensive runs": 1918,
        "distance (km)": 269.3,
        "speed (km/h)": 32.39,
        "passes completed": 84.7,
        "own-goals": 0,
        "crosses": 36
    }, {
        "name": " Reinier",
        "club": "borussia dortmund",
        "position": "midfielder",
        "birthday": "19.01.2002 (20 years)",
        "nationality": "brazilian",
        "height": "185 cm",
        "weight": "82 kg",
        "goals": 0,
        "assists": 0,
        "shots": 1,
        "shots against post and bar": 0,
        "penalties": 0,
        "penalties scored": 0,
        "goal attempts": "0/1",
        "tackles won": 23,
        "ariel duels won": 0,
        "fouls": 2,
        "yellow cards": 0,
        "appearances": 13,
        "sprints": 69,
        "intensive runs": 233,
        "distance (km)": 26.4,
        "speed (km/h)": 31.73,
        "passes completed": 79.6,
        "own-goals": 0,
        "crosses": 0
    }, {
        "name": "Jude Bellingham",
        "club": "borussia dortmund",
        "position": "midfielder",
        "birthday": "29.06.2003 (18 years)",
        "nationality": "english",
        "height": "186 cm",
        "weight": "75 kg",
        "goals": 3,
        "assists": 8,
        "shots": 42,
        "shots against post and bar": 1,
        "penalties": 0,
        "penalties scored": 0,
        "goal attempts": "11/31",
        "tackles won": 433,
        "ariel duels won": 35,
        "fouls": 38,
        "yellow cards": 9,
        "appearances": 32,
        "sprints": 922,
        "intensive runs": 2633,
        "distance (km)": 336.1,
        "speed (km/h)": 32.92,
        "passes completed": 85.9,
        "own-goals": 0,
        "crosses": 7
    }, {
        "name": "Emre Can",
        "club": "borussia dortmund",
        "position": "midfielder",
        "birthday": "12.01.1994 (28 years)",
        "nationality": "german  , turkish",
        "height": "186 cm",
        "weight": "86 kg",
        "goals": 5,
        "assists": 1,
        "shots": 10,
        "shots against post and bar": 0,
        "penalties": 4,
        "penalties scored": 4,
        "goal attempts": "6/4",
        "tackles won": 234,
        "ariel duels won": 46,
        "fouls": 31,
        "yellow cards": 5,
        "appearances": 24,
        "sprints": 363,
        "intensive runs": 1052,
        "distance (km)": 199.5,
        "speed (km/h)": 35.96,
        "passes completed": 87.5,
        "own-goals": 0,
        "crosses": 2
    }, {
        "name": "Thomas Meunier",
        "club": "borussia dortmund",
        "position": "midfielder",
        "birthday": "12.09.1991 (30 years)",
        "nationality": "belgian",
        "height": "190 cm",
        "weight": "90 kg",
        "goals": 2,
        "assists": 4,
        "shots": 16,
        "shots against post and bar": 0,
        "penalties": 0,
        "penalties scored": 0,
        "goal attempts": "7/9",
        "tackles won": 129,
        "ariel duels won": 26,
        "fouls": 26,
        "yellow cards": 4,
        "appearances": 17,
        "sprints": 555,
        "intensive runs": 1400,
        "distance (km)": 186.9,
        "speed (km/h)": 33.97,
        "passes completed": 80,
        "own-goals": 0,
        "crosses": 41
    }, {
        "name": "Axel Witsel",
        "club": "borussia dortmund",
        "position": "midfielder",
        "birthday": "12.01.1989 (33 years)",
        "nationality": "belgian",
        "height": "186 cm",
        "weight": "81 kg",
        "goals": 2,
        "assists": 0,
        "shots": 8,
        "shots against post and bar": 0,
        "penalties": 0,
        "penalties scored": 0,
        "goal attempts": "2/6",
        "tackles won": 204,
        "ariel duels won": 41,
        "fouls": 25,
        "yellow cards": 4,
        "appearances": 29,
        "sprints": 204,
        "intensive runs": 1155,
        "distance (km)": 236.2,
        "speed (km/h)": 30.07,
        "passes completed": 95.4,
        "own-goals": 0,
        "crosses": 0
    }, {
        "name": "Felix Passlack",
        "club": "borussia dortmund",
        "position": "midfielder",
        "birthday": "29.05.1998 (23 years)",
        "nationality": "german",
        "height": "170 cm",
        "weight": "74 kg",
        "goals": 1,
        "assists": 0,
        "shots": 3,
        "shots against post and bar": 0,
        "penalties": 0,
        "penalties scored": 0,
        "goal attempts": "1/2",
        "tackles won": 54,
        "ariel duels won": 5,
        "fouls": 5,
        "yellow cards": 0,
        "appearances": 10,
        "sprints": 139,
        "intensive runs": 433,
        "distance (km)": 60.6,
        "speed (km/h)": 32.13,
        "passes completed": 84.8,
        "own-goals": 1,
        "crosses": 10
    }, {
        "name": "Abdoulaye Kamara",
        "club": "borussia dortmund",
        "position": "midfielder",
        "birthday": "06.11.2004 (17 years)",
        "nationality": "guinean  , french",
        "height": "182 cm",
        "weight": "77 kg",
        "goals": 0,
        "assists": 0,
        "shots": 0,
        "shots against post and bar": 0,
        "penalties": 0,
        "penalties scored": 0,
        "goal attempts": "0/0",
        "tackles won": 0,
        "ariel duels won": 0,
        "fouls": 0,
        "yellow cards": 0,
        "appearances": 0,
        "sprints": 0,
        "intensive runs": 0,
        "distance (km)": 0,
        "speed (km/h)": 0,
        "passes completed": 0,
        "own-goals": 0,
        "crosses": 0
    }, {
        "name": "Marius Wolf",
        "club": "borussia dortmund",
        "position": "midfielder",
        "birthday": "27.05.1995 (27 years)",
        "nationality": "german",
        "height": "188 cm",
        "weight": "81 kg",
        "goals": 3,
        "assists": 1,
        "shots": 21,
        "shots against post and bar": 0,
        "penalties": 0,
        "penalties scored": 0,
        "goal attempts": "10/11",
        "tackles won": 121,
        "ariel duels won": 11,
        "fouls": 17,
        "yellow cards": 4,
        "appearances": 27,
        "sprints": 470,
        "intensive runs": 1283,
        "distance (km)": 175.3,
        "speed (km/h)": 34.11,
        "passes completed": 76,
        "own-goals": 0,
        "crosses": 18
    }, {
        "name": "Göktan Gürpüz",
        "club": "borussia dortmund",
        "position": "midfielder",
        "birthday": "22.01.2003 (19 years)",
        "nationality": "german  , turkish",
        "height": "175 cm",
        "weight": "60 kg",
        "goals": 0,
        "assists": 0,
        "shots": 0,
        "shots against post and bar": 0,
        "penalties": 0,
        "penalties scored": 0,
        "goal attempts": "0/0",
        "tackles won": 0,
        "ariel duels won": 0,
        "fouls": 0,
        "yellow cards": 0,
        "appearances": 0,
        "sprints": 0,
        "intensive runs": 0,
        "distance (km)": 0,
        "speed (km/h)": 0,
        "passes completed": 0,
        "own-goals": 0,
        "crosses": 0
    }, {
        "name": "Immanuël Pherai",
        "club": "borussia dortmund",
        "position": "midfielder",
        "birthday": "25.04.2001 (21 years)",
        "nationality": "dutch  , surinamese",
        "height": "175 cm",
        "weight": "74 kg",
        "goals": 0,
        "assists": 0,
        "shots": 0,
        "shots against post and bar": 0,
        "penalties": 0,
        "penalties scored": 0,
        "goal attempts": "0/0",
        "tackles won": 0,
        "ariel duels won": 0,
        "fouls": 0,
        "yellow cards": 0,
        "appearances": 1,
        "sprints": 5,
        "intensive runs": 6,
        "distance (km)": 0.4,
        "speed (km/h)": 28.81,
        "passes completed": 0,
        "own-goals": 0,
        "crosses": 0
    }, {
        "name": "Antonios Papadopoulos",
        "club": "borussia dortmund",
        "position": "midfielder",
        "birthday": "10.09.1999 (22 years)",
        "nationality": "german  , greek",
        "height": "185 cm",
        "weight": "83 kg",
        "goals": 0,
        "assists": 0,
        "shots": 0,
        "shots against post and bar": 0,
        "penalties": 0,
        "penalties scored": 0,
        "goal attempts": "0/0",
        "tackles won": 1,
        "ariel duels won": 0,
        "fouls": 1,
        "yellow cards": 1,
        "appearances": 2,
        "sprints": 2,
        "intensive runs": 15,
        "distance (km)": 2.7,
        "speed (km/h)": 26.03,
        "passes completed": 88.9,
        "own-goals": 0,
        "crosses": 0
    }, {
        "name": "Erling Haaland",
        "club": "borussia dortmund",
        "position": "striker",
        "birthday": "21.07.2000 (21 years)",
        "nationality": "norwegian",
        "height": "194 cm",
        "weight": "88 kg",
        "goals": 22,
        "assists": 7,
        "shots": 81,
        "shots against post and bar": 0,
        "penalties": 6,
        "penalties scored": 6,
        "goal attempts": "39/42",
        "tackles won": 173,
        "ariel duels won": 47,
        "fouls": 17,
        "yellow cards": 3,
        "appearances": 24,
        "sprints": 564,
        "intensive runs": 1375,
        "distance (km)": 213.4,
        "speed (km/h)": 36.3,
        "passes completed": 73.2,
        "own-goals": 0,
        "crosses": 7
    }, {
        "name": "Youssoufa Moukoko",
        "club": "borussia dortmund",
        "position": "striker",
        "birthday": "20.11.2004 (17 years)",
        "nationality": "german  , cameroonian",
        "height": "179 cm",
        "weight": "72 kg",
        "goals": 2,
        "assists": 2,
        "shots": 8,
        "shots against post and bar": 0,
        "penalties": 0,
        "penalties scored": 0,
        "goal attempts": "3/5",
        "tackles won": 25,
        "ariel duels won": 0,
        "fouls": 6,
        "yellow cards": 1,
        "appearances": 16,
        "sprints": 106,
        "intensive runs": 258,
        "distance (km)": 32.5,
        "speed (km/h)": 33.48,
        "passes completed": 81.8,
        "own-goals": 0,
        "crosses": 0
    }, {
        "name": "Donyell Malen",
        "club": "borussia dortmund",
        "position": "striker",
        "birthday": "19.01.1999 (23 years)",
        "nationality": "dutch  , surinamese",
        "height": "176 cm",
        "weight": "68 kg",
        "goals": 5,
        "assists": 3,
        "shots": 48,
        "shots against post and bar": 3,
        "penalties": 0,
        "penalties scored": 0,
        "goal attempts": "20/28",
        "tackles won": 168,
        "ariel duels won": 9,
        "fouls": 9,
        "yellow cards": 2,
        "appearances": 27,
        "sprints": 427,
        "intensive runs": 1225,
        "distance (km)": 190,
        "speed (km/h)": 34.71,
        "passes completed": 74.2,
        "own-goals": 0,
        "crosses": 18
    }, {
        "name": "Steffen Tigges",
        "club": "borussia dortmund",
        "position": "striker",
        "birthday": "31.07.1998 (23 years)",
        "nationality": "german",
        "height": "193 cm",
        "weight": "90 kg",
        "goals": 3,
        "assists": 0,
        "shots": 3,
        "shots against post and bar": 0,
        "penalties": 0,
        "penalties scored": 0,
        "goal attempts": "3/0",
        "tackles won": 21,
        "ariel duels won": 10,
        "fouls": 1,
        "yellow cards": 0,
        "appearances": 9,
        "sprints": 63,
        "intensive runs": 180,
        "distance (km)": 19.3,
        "speed (km/h)": 31.01,
        "passes completed": 59.5,
        "own-goals": 0,
        "crosses": 1
    }, {
        "name": "Jamie Bynoe-Gittens",
        "club": "borussia dortmund",
        "position": "striker",
        "birthday": "08.08.2004 (17 years)",
        "nationality": "english  , barbadian",
        "height": "175 cm",
        "goals": 0,
        "assists": 0,
        "shots": 2,
        "shots against post and bar": 0,
        "penalties": 0,
        "penalties scored": 0,
        "goal attempts": "1/1",
        "tackles won": 33,
        "ariel duels won": 2,
        "fouls": 2,
        "yellow cards": 0,
        "appearances": 4,
        "sprints": 71,
        "intensive runs": 127,
        "distance (km)": 16.2,
        "speed (km/h)": 33.85,
        "passes completed": 0,
        "own-goals": 0,
        "crosses": 0
    }, {
        "name": "Marco Pašalić",
        "club": "borussia dortmund",
        "position": "striker",
        "birthday": "14.09.2000 (21 years)",
        "nationality": "german  , croatian",
        "height": "177 cm",
        "weight": "74 kg",
        "goals": 0,
        "assists": 0,
        "shots": 0,
        "shots against post and bar": 0,
        "penalties": 0,
        "penalties scored": 0,
        "goal attempts": "0/0",
        "tackles won": 0,
        "ariel duels won": 0,
        "fouls": 0,
        "yellow cards": 0,
        "appearances": 0,
        "sprints": 0,
        "intensive runs": 0,
        "distance (km)": 0,
        "speed (km/h)": 0,
        "passes completed": 0,
        "own-goals": 0,
        "crosses": 0
    }, {
        "name": "Koen Casteels",
        "club": "vfl wolfsburg",
        "position": "goalkeeper",
        "birthday": "25.06.1992 (29 years)",
        "nationality": "belgian",
        "height": "197 cm",
        "weight": "78 kg",
        "appearances": 28,
        "sprints": 4,
        "intensive runs": 60,
        "distance (km)": 162.8,
        "speed (km/h)": 27.61,
        "passes completed": 0,
        "own-goals": 0,
        "fouls": 0,
        "yellow cards": 1,
        "shots saved": 80
    }]
}